{
  "nom_modele": "Random Forest",
  "fichier": "modele_final.pkl",
  "seuil_defaut": 0.3300000000000001,
  "rappel": 0.5945945945945946,
  "specificite": 0.8055555555555556,
  "precision": 0.5333333333333333,
  "f1_score": 0.5623003194888179,
  "auc_roc": 0.7627371689871691,
  "auc_pr": 0.5504580622053984,
  "brier": 0.161918125513963,
  "ece": 0.04590426179529419,
  "score_composite": 0.6807934315270147,
  "n_train": 2176,
  "n_test": 544,
  "n_variables": 14,
  "variables": [
    "Sexe",
    "Tranche_Age",
    "Statut_Matrimonial",
    "Soutien_PEPFAR",
    "Observance_4j",
    "Region",
    "Religion",
    "Depenses_Mensuelles",
    "DSD_Recode",
    "Niveau_Etude",
    "Retesting",
    "Type_FOSA",
    "Soutien_Familial",
    "Traitement_Alternatif"
  ],
  "sklearn_version": "1.8.0",
  "xgboost_version": "3.2.0"
}