{
  "nom_modele": "Rég. Logistique",
  "fichier": "modele_final.pkl",
  "seuil_defaut": 0.5600000000000003,
  "rappel": 0.6418918918918919,
  "specificite": 0.7171717171717171,
  "precision": 0.45893719806763283,
  "f1_score": 0.5352112676056338,
  "auc_roc": 0.7533271908271908,
  "auc_pr": 0.550903673169217,
  "brier": 0.20185776287150145,
  "n_train": 2176,
  "n_test": 544,
  "n_variables": 12,
  "variables": [
    "Sexe",
    "Tranche_Age",
    "Statut_Matrimonial",
    "Soutien_PEPFAR",
    "Observance_4j",
    "Region",
    "Niveau_Etude",
    "DSD_Recode",
    "Retesting",
    "Depenses_Mensuelles",
    "Religion",
    "Type_FOSA"
  ]
}