{
  "nom_modele": "Random Forest",
  "fichier": "modele_final.pkl",
  "seuil_defaut": 0.5000000000000002,
  "rappel": 0.6554054054054054,
  "specificite": 0.7727272727272727,
  "precision": 0.5187165775401069,
  "f1_score": 0.5791044776119403,
  "auc_roc": 0.7750819000819001,
  "auc_pr": 0.5525657820372009,
  "brier": 0.19954179204567776,
  "n_train": 2176,
  "n_test": 544,
  "n_variables": 10,
  "variables": [
    "Observance_4j",
    "Region",
    "Delai_Attente_Cat",
    "Niveau_Etude",
    "DSD_Recode",
    "Revenu",
    "Retesting",
    "Depenses_Mensuelles",
    "Religion",
    "Type_FOSA"
  ]
}