{
  "nom_modele": "Random Forest",
  "fichier": "modele_final.pkl",
  "seuil_defaut": 0.5000000000000002,
  "rappel": 0.6148648648648649,
  "specificite": 0.8005050505050505,
  "precision": 0.5352941176470588,
  "f1_score": 0.5723270440251572,
  "auc_roc": 0.7606726044226044,
  "auc_pr": 0.5474789994265754,
  "brier": 0.1948384128711323,
  "score_composite": 0.6773295373325036,
  "n_train": 2176,
  "n_test": 544,
  "n_variables": 14,
  "variables": [
    "Sexe",
    "Tranche_Age",
    "Statut_Matrimonial",
    "Soutien_PEPFAR",
    "Observance_4j",
    "Region",
    "Religion",
    "Depenses_Mensuelles",
    "DSD_Recode",
    "Niveau_Etude",
    "Retesting",
    "Type_FOSA",
    "Soutien_Familial",
    "Traitement_Alternatif"
  ],
  "sklearn_version": "1.8.0",
  "xgboost_version": "3.2.0"
}